numero_documento,nombre,apellido,numero_telefono,email
3060905,Sofía,Díaz,+54 9 11 6483-1253,sofiadiaz@gmail.com
3525659,Carlos,Fernández,+54 9 11 7063-4933,carlosfernandez@gmail.com
3054482,Juan,Rodríguez,+54 9 11 8915-1336,juanrodriguez@gmail.com
3729471,Juan,López,+54 9 11 8823-9862,juanlopez@gmail.com
3692215,Agustín,Pérez,+54 9 11 9946-8094,agustinperez@gmail.com
3900283,Sofía,Petrone,+54 9 11 7889-4637,sofiapetrone@gmail.com
3512460,Sofía,López,+54 9 11 9373-6165,sofialopez@gmail.com
3482465,María,González,+54 9 11 7889-9843,mariagonzalez@gmail.com
3532859,Valentina,Sánchez,+54 9 11 6816-9191,valentinasanchez@gmail.com
3113435,Camila,Pérez,+54 9 11 8700-3431,camilaperez@gmail.com
3169499,Carlina,Martínez,+54 9 11 9516-2380,gatitomiau@gmail.com
3343921,Kenneth,López,+54 9 11 6575-9893,klopez@gmail.com
3740174,Joaquín,Sánchez,+54 9 11 8028-6337,joaquinsanchez@gmail.com
3891528,Martín,Gandolfi,+54 9 11 8998-3329,marting@gmail.com
3362974,Joaquín,Rodríguez,+54 9 11 9963-2560,joaquinrodriguez@gmail.com
3006489,Camila,Sánchez,+54 9 11 7215-9255,camilasanchez@gmail.com
3869423,Carlos,Gómez,+54 9 11 6743-2657,carlosgomez@gmail.com
3105114,Carlos,Pérez,+54 9 11 9242-9992,carlosperez@gmail.com
3240479,Valentina,Rodríguez,+54 9 11 6815-2766,valentinarodriguez@gmail.com
3188444,Sofía,Fernández,+54 9 11 8445-5459,sofiafernandez@gmail.com
3752609,Martín,Gómez,+54 9 11 7717-3356,martingomez@gmail.com
3372242,Martín,Fiore,+54 9 11 9234-1860,martinfiore@gmail.com
3661731,Martín,Díaz,+54 9 11 6463-7721,martindiaz@gmail.com
3028877,Valentina,Martínez,+54 9 11 7512-2616,valentinamartinez@gmail.com
3265122,Carlos,Rodríguez,+54 9 11 9771-3550,carlosrodriguez@gmail.com
44610357,Nicole,Perrone,+54 9 11 7385-1112,nperrone@gmail.com
3579176,Camila,González,+54 9 11 8453-9038,camilagonzalez@gmail.com
3857266,Agustín,González,+54 9 11 9670-4082,agustingonzalez@gmail.com
3769891,Camila,García,+54 9 11 6163-1115,camilagarcia@gmail.com
43610357,Candela,Castillo,+54 9 11 7723-1693,castilloc@gmail.com
3098605,Lucía,García,+54 9 11 7359-5437,luciagarcia@gmail.com
3853869,Martín,García,+54 9 11 8922-3380,martingarcia@gmail.com
3143768,Juan,Díaz,+54 9 11 6640-3748,juandiaz@gmail.com
3536530,Martín,González,+54 9 11 9698-4029,martingonzalez@gmail.com
3747449,Carlos,García,+54 9 11 8303-6321,carlosgarcia@gmail.com
3517827,Sofía,Sánchez,+54 9 11 7950-1642,sofiasanchez@gmail.com
3233977,Juan,Pérez,+54 9 11 6946-8339,juanperez@gmail.com
3618401,Manuela,Pazos,+54 9 11 9698-5111,mpazos@gmail.com
3380781,Agustín,Díaz,+54 9 11 8873-3547,agustindiaz@gmail.com
3359633,Carlos,Díaz,+54 9 11 9930-6036,carlosdiaz@gmail.com
3414295,Lucía,Fernández,+54 9 11 7499-7982,luciafernandez@gmail.com
3342776,Sofía,Rodríguez,+54 9 11 6817-2774,sofiarodriguez@gmail.com
3071095,Valentina,Gómez,+54 9 11 6998-8977,valentinagomez@gmail.com
3184424,Joaquín,López,+54 9 11 7185-5966,joaquinlopez@gmail.com
3431051,Agustín,Sánchez,+54 9 11 9566-5140,agustinsanchez@gmail.com
3483317,Juan,Martínez,+54 9 11 9199-2180,juanmartinez@gmail.com
3697200,María,Sánchez,+54 9 11 9544-6199,mariasanchez@gmail.com
3313536,Zoe,Gómez,+54 9 11 7453-3585,zogomez@gmail.com
3172868,Camila,Martínez,+54 9 11 7158-3893,camilamartinez@gmail.com
3840339,Sofía,Gómez,+54 9 11 6329-2385,sofiagomez@gmail.com
